{
  "snr_list": [
    1, 2, 3, 4, 5, 6, 7, 8, 9, 10, 11, 12, 13, 14, 15, 16, 17, 18, 19, 20, 21,
    22, 23, 24, 25, 26, 27, 28, 29, 30, 31, 32, 33, 34, 35, 36, 37, 38, 39, 40,
    41, 42, 43, 44, 45, 46, 47, 48, 49
  ],
  "optimal_psnr": [
    37.25496896107992, 38.43413972854614, 39.55583270390829, 40.09976291656494,
    41.15017239252726, 41.671057065327965, 42.22493473688761, 42.69093529383341,
    43.54995393753052, 43.909116427103676, 44.24448347091675, 44.55801248550415,
    44.83906348546346, 45.418874740600586, 45.68316125869751, 45.95074955622355,
    46.178797245025635, 46.348466873168945, 46.485867500305176,
    46.54638703664144, 46.54638703664144, 46.54638703664144, 46.54638703664144,
    46.54638703664144, 46.54638703664144, 46.54638703664144, 46.54638703664144,
    46.54638703664144, 46.54638703664144, 46.54638703664144, 46.54638703664144,
    46.54638703664144, 46.54638703664144, 46.54638703664144, 46.54638703664144,
    46.54638703664144, 46.54638703664144, 46.54638703664144, 46.54638703664144,
    46.54638703664144, 46.54638703664144, 46.54638703664144, 46.54638703664144,
    46.54638703664144, 46.54638703664144, 46.54638703664144, 46.54638703664144,
    46.54638703664144, 46.54638703664144
  ],
  "optimal_cbr": [
    0.936375090163014, 0.9663835865973934, 0.9987616151005697,
    0.9558218548749504, 0.9992862761517133, 0.9692436469994556,
    0.9449148306319539, 0.9242398553902091, 0.9835026516720069,
    0.9645815433948066, 0.9531224473675884, 0.9452998755231546,
    0.9373249955818033, 0.9994424190809391, 0.9918993566400082,
    0.9887331020931059, 0.9836665406730045, 0.974857063982131,
    0.9689964065872394, 0.9622317549388884, 0.9168910231066628,
    0.8755590872537082, 0.8377403381298522, 0.8030150210163064,
    0.7710257791736714, 0.7414668546651465, 0.7140753780344158,
    0.6886243074711315, 0.6649166766057204, 0.6427808854166334,
    0.6220668265400449, 0.6026426837825715, 0.584392274040459,
    0.5672128305252601, 0.5510131459977106, 0.5357120109879305,
    0.5212368947695858, 0.5075228269478972, 0.4945114455189196,
    0.4821501836217205, 0.47039157229056966, 0.4591926405945783,
    0.4485143978392607, 0.43832138516293045, 0.42858128601925155,
    0.4192645867963263, 0.4103442802616547, 0.40179560570364575,
    0.39359582061367204
  ]
}
